Timestamp, Temperature , Vibration , Pressure ,Failure
7/1/2025 0:00, 84.05 , 0.43 , 104.43 ,0
7/1/2025 1:00, 78.30 , 0.44 , 96.34 ,0
7/1/2025 2:00, 79.09 , 0.30 , 108.55 ,0
7/1/2025 3:00, 85.80 , 0.54 , 96.74 ,0
7/1/2025 4:00, 86.67 , 0.45 , 101.26 ,0
7/1/2025 5:00, 92.46 , 0.42 , 110.95 ,0
7/1/2025 6:00, 75.75 , 0.38 , 103.58 ,0
7/1/2025 7:00, 74.37 , 0.41 , 105.18 ,0
7/1/2025 8:00, 85.33 , 0.31 , 86.64 ,0
7/1/2025 9:00, 74.54 , 0.35 , 96.45 ,0
7/1/2025 10:00, 74.99 , 0.43 , 96.94 ,0
7/1/2025 11:00, 74.38 , 0.45 , 101.79 ,0
7/1/2025 12:00, 75.02 , 0.29 , 95.99 ,0
7/1/2025 13:00, 86.20 , 0.37 , 101.31 ,0
7/1/2025 14:00, 78.98 , 0.34 , 100.78 ,0
7/1/2025 15:00, 89.00 , 0.34 , 85.78 ,0
7/1/2025 16:00, 73.43 , 0.36 , 91.38 ,0
7/1/2025 17:00, 83.93 , 0.38 , 99.15 ,0
7/1/2025 18:00, 85.68 , 0.23 , 100.50 ,0
7/1/2025 19:00, 73.71 , 0.32 , 96.95 ,0
7/1/2025 20:00, 89.66 , 0.39 , 101.14 ,0
7/1/2025 21:00, 75.26 , 0.29 , 101.39 ,0
7/1/2025 22:00, 79.69 , 0.32 , 113.37 ,0
7/1/2025 23:00, 81.05 , 0.39 , 100.82 ,0
7/2/2025 0:00, 79.69 , 0.29 , 87.28 ,0
7/2/2025 1:00, 75.54 , 0.29 , 102.29 ,0
7/2/2025 2:00, 80.33 , 0.29 , 106.36 ,0
7/2/2025 3:00, 78.28 , 0.34 , 99.10 ,0
7/2/2025 4:00, 89.70 , 0.31 , 101.99 ,0
7/2/2025 5:00, 77.09 , 0.40 , 99.84 ,0
7/2/2025 6:00, 79.68 , 0.34 , 95.26 ,0
7/2/2025 7:00, 84.72 , 0.33 , 99.61 ,0
7/2/2025 8:00, 83.49 , 0.36 , 97.30 ,0
7/2/2025 9:00, 87.81 , 0.44 , 105.92 ,0
7/2/2025 10:00, 80.90 , 0.39 , 93.71 ,0
7/2/2025 11:00, 85.00 , 0.30 , 102.47 ,0
7/2/2025 12:00, 80.86 , 0.31 , 90.01 ,0
7/2/2025 13:00, 86.16 , 0.34 , 116.46 ,0
7/2/2025 14:00, 83.58 , 0.34 , 112.67 ,0
7/2/2025 15:00, 80.06 , 0.26 , 94.17 ,0
7/2/2025 16:00, 83.16 , 0.31 , 103.09 ,0
7/2/2025 17:00, 80.68 , 0.31 , 98.88 ,0
7/2/2025 18:00, 87.36 , 0.33 , 109.06 ,0
7/2/2025 19:00, 81.34 , 0.40 , 106.02 ,0
7/2/2025 20:00, 81.40 , 0.29 , 97.86 ,0
7/2/2025 21:00, 71.94 , 0.43 , 89.92 ,0
7/2/2025 22:00, 83.88 , 0.41 , 95.58 ,0
7/2/2025 23:00, 73.68 , 0.32 , 105.50 ,0
7/3/2025 0:00, 80.96 , 0.36 , 98.45 ,0
7/3/2025 1:00, 87.60 , 0.46 , 99.60 ,0
7/3/2025 2:00, 99.85 , 0.72 , 96.51 ,1
7/3/2025 3:00, 87.45 , 0.30 , 93.70 ,0
7/3/2025 4:00, 80.75 , 0.42 , 98.61 ,0
7/3/2025 5:00, 78.35 , 0.25 , 99.59 ,0
7/3/2025 6:00, 76.01 , 0.35 , 95.97 ,0
7/3/2025 7:00, 74.72 , 0.24 , 102.52 ,0
7/3/2025 8:00, 80.44 , 0.40 , 103.64 ,0
7/3/2025 9:00, 88.66 , 0.19 , 105.09 ,0
7/3/2025 10:00, 82.83 , 0.26 , 89.16 ,0
7/3/2025 11:00, 81.49 , 0.34 , 112.29 ,0
7/3/2025 12:00, 81.19 , 0.37 , 97.49 ,0
7/3/2025 13:00, 86.10 , 0.28 , 105.47 ,0
7/3/2025 14:00, 85.93 , 0.42 , 105.02 ,0
7/3/2025 15:00, 87.72 , 0.32 , 106.61 ,0
7/3/2025 16:00, 80.90 , 0.15 , 107.97 ,0
7/3/2025 17:00, 82.34 , 0.44 , 99.18 ,0
7/3/2025 18:00, 82.26 , 0.28 , 89.01 ,0
7/3/2025 19:00, 78.66 , 0.37 , 121.02 ,0
7/3/2025 20:00, 84.84 , 0.41 , 89.18 ,0
7/3/2025 21:00, 86.65 , 0.28 , 95.12 ,0
7/3/2025 22:00, 83.94 , 0.19 , 94.28 ,0
7/3/2025 23:00, 88.40 , 0.42 , 99.34 ,0
7/4/2025 0:00, 81.90 , 0.31 , 93.76 ,0
7/4/2025 1:00, 81.69 , 0.29 , 95.34 ,0
7/4/2025 2:00, 86.36 , 0.36 , 94.74 ,0
7/4/2025 3:00, 81.29 , 0.28 , 96.62 ,0
7/4/2025 4:00, 88.44 , 0.34 , 98.07 ,0
7/4/2025 5:00, 77.31 , 0.23 , 111.12 ,0
7/4/2025 6:00, 90.81 , 0.48 , 110.59 ,0
7/4/2025 7:00, 90.01 , 0.34 , 97.02 ,0
7/4/2025 8:00, 76.87 , 0.37 , 90.22 ,0
7/4/2025 9:00, 81.52 , 0.40 , 119.00 ,0
7/4/2025 10:00, 76.33 , 0.54 , 124.74 ,0
7/4/2025 11:00, 83.36 , 0.42 , 97.25 ,0
7/4/2025 12:00, 73.84 , 0.27 , 106.55 ,0
7/4/2025 13:00, 79.42 , 0.26 , 111.35 ,0
7/4/2025 14:00, 81.20 , 0.36 , 90.47 ,0
7/4/2025 15:00, 77.75 , 0.31 , 102.16 ,0
7/4/2025 16:00, 77.91 , 0.20 , 94.18 ,0
7/4/2025 17:00, 85.74 , 0.36 , 106.72 ,0
7/4/2025 18:00, 79.03 , 0.41 , 86.57 ,0
7/4/2025 19:00, 77.58 , 0.36 , 102.71 ,0
7/4/2025 20:00, 81.29 , 0.28 , 92.25 ,0
7/4/2025 21:00, 81.81 , 0.35 , 90.34 ,0
7/4/2025 22:00, 83.36 , 0.27 , 93.55 ,0
7/4/2025 23:00, 85.05 , 0.41 , 93.23 ,0
7/5/2025 0:00, 76.37 , 0.33 , 96.10 ,0
7/5/2025 1:00, 83.42 , 0.48 , 103.82 ,0
7/5/2025 2:00, 78.93 , 0.35 , 104.61 ,0
7/5/2025 3:00, 86.17 , 0.31 , 89.96 ,0
7/5/2025 4:00, 83.29 , 0.39 , 98.06 ,0
7/5/2025 5:00, 82.04 , 0.44 , 90.94 ,0
7/5/2025 6:00, 84.27 , 0.38 , 106.25 ,0
7/5/2025 7:00, 89.62 , 0.33 , 106.81 ,0
7/5/2025 8:00, 84.39 , 0.42 , 102.52 ,0
7/5/2025 9:00, 77.66 , 0.35 , 111.09 ,0
7/5/2025 10:00, 91.97 , 0.40 , 101.46 ,0
7/5/2025 11:00, 86.62 , 0.43 , 101.09 ,0
7/5/2025 12:00, 81.67 , 0.37 , 101.89 ,0
7/5/2025 13:00, 87.03 , 0.38 , 103.76 ,0
7/5/2025 14:00, 80.74 , 0.42 , 85.33 ,0
7/5/2025 15:00, 83.30 , 0.50 , 98.10 ,0
7/5/2025 16:00, 72.89 , 0.47 , 98.28 ,0
7/5/2025 17:00, 76.28 , 0.45 , 109.39 ,0
7/5/2025 18:00, 86.20 , 0.37 , 100.71 ,0
7/5/2025 19:00, 80.94 , 0.24 , 112.17 ,0
7/5/2025 20:00, 78.90 , 0.38 , 95.69 ,0
7/5/2025 21:00, 77.74 , 0.23 , 98.70 ,0
7/5/2025 22:00, 82.90 , 0.34 , 100.51 ,0
7/5/2025 23:00, 89.69 , 0.48 , 98.26 ,0
7/6/2025 0:00, 95.12 , 0.64 , 101.20 ,1
7/6/2025 1:00, 80.88 , 0.39 , 104.72 ,0
7/6/2025 2:00, 76.33 , 0.33 , 106.91 ,0
7/6/2025 3:00, 74.41 , 0.28 , 97.36 ,0
7/6/2025 4:00, 88.42 , 0.39 , 99.36 ,0
7/6/2025 5:00, 83.29 , 0.33 , 115.28 ,0
7/6/2025 6:00, 80.51 , 0.13 , 104.09 ,0
7/6/2025 7:00, 84.52 , 0.29 , 101.81 ,0
7/6/2025 8:00, 82.64 , 0.32 , 101.00 ,0
7/6/2025 9:00, 77.75 , 0.44 , 97.56 ,0
7/6/2025 10:00, 76.94 , 0.29 , 115.32 ,0
7/6/2025 11:00, 93.98 , 0.43 , 95.11 ,0
7/6/2025 12:00, 82.65 , 0.29 , 97.64 ,0
7/6/2025 13:00, 82.79 , 0.44 , 104.44 ,0
7/6/2025 14:00, 80.08 , 0.33 , 104.80 ,0
7/6/2025 15:00, 90.17 , 0.28 , 106.82 ,0
7/6/2025 16:00, 80.54 , 0.28 , 103.20 ,0
7/6/2025 17:00, 78.74 , 0.29 , 106.83 ,0
7/6/2025 18:00, 82.32 , 0.34 , 102.26 ,0
7/6/2025 19:00, 81.32 , 0.26 , 95.22 ,0
7/6/2025 20:00, 81.26 , 0.43 , 105.34 ,0
7/6/2025 21:00, 81.30 , 0.34 , 95.14 ,0
7/6/2025 22:00, 79.39 , 0.30 , 92.29 ,0
7/6/2025 23:00, 89.87 , 0.35 , 98.80 ,0
7/7/2025 0:00, 75.15 , 0.29 , 103.90 ,0
7/7/2025 1:00, 88.05 , 0.31 , 96.70 ,0
7/7/2025 2:00, 87.00 , 0.38 , 91.84 ,0
7/7/2025 3:00, 79.08 , 0.45 , 95.50 ,0
7/7/2025 4:00, 78.21 , 0.24 , 89.56 ,0
7/7/2025 5:00, 87.41 , 0.41 , 104.52 ,0
7/7/2025 6:00, 82.59 , 0.41 , 98.49 ,0
7/7/2025 7:00, 83.81 , 0.37 , 90.96 ,0
7/7/2025 8:00, 80.28 , 0.42 , 98.62 ,0
7/7/2025 9:00, 82.78 , 0.53 , 91.68 ,0
7/7/2025 10:00, 84.12 , 0.31 , 91.04 ,0
7/7/2025 11:00, 77.16 , 0.28 , 101.10 ,0
7/7/2025 12:00, 84.84 , 0.42 , 96.52 ,0
7/7/2025 13:00, 78.53 , 0.39 , 99.60 ,0
7/7/2025 14:00, 84.04 , 0.36 , 97.07 ,0
7/7/2025 15:00, 76.32 , 0.42 , 88.41 ,0
7/7/2025 16:00, 82.91 , 0.34 , 106.67 ,0
7/7/2025 17:00, 82.92 , 0.38 , 107.43 ,0
7/7/2025 18:00, 79.35 , 0.37 , 106.02 ,0
7/7/2025 19:00, 93.04 , 0.35 , 90.62 ,0
7/7/2025 20:00, 87.68 , 0.39 , 99.49 ,0
7/7/2025 21:00, 81.32 , 0.31 , 99.17 ,0
7/7/2025 22:00, 89.18 , 0.29 , 104.94 ,0
7/7/2025 23:00, 79.16 , 0.42 , 89.03 ,0
7/8/2025 0:00, 81.35 , 0.25 , 94.26 ,0
7/8/2025 1:00, 80.97 , 0.30 , 104.25 ,0
7/8/2025 2:00, 69.61 , 0.39 , 95.69 ,0
7/8/2025 3:00, 79.20 , 0.29 , 88.56 ,0
7/8/2025 4:00, 78.14 , 0.37 , 105.20 ,0
7/8/2025 5:00, 79.70 , 0.26 , 114.52 ,0
7/8/2025 6:00, 76.01 , 0.46 , 96.51 ,0
7/8/2025 7:00, 73.91 , 0.39 , 112.74 ,0
7/8/2025 8:00, 83.82 , 0.48 , 106.28 ,0
7/8/2025 9:00, 86.09 , 0.31 , 94.11 ,0
7/8/2025 10:00, 83.03 , 0.43 , 105.87 ,0
7/8/2025 11:00, 76.94 , 0.34 , 102.75 ,0
7/8/2025 12:00, 88.59 , 0.33 , 107.09 ,0
7/8/2025 13:00, 84.76 , 0.46 , 96.09 ,0
7/8/2025 14:00, 76.17 , 0.33 , 90.88 ,0
7/8/2025 15:00, 83.15 , 0.34 , 98.26 ,0
7/8/2025 16:00, 76.56 , 0.36 , 80.00 ,0
7/8/2025 17:00, 86.35 , 0.37 , 91.89 ,0
7/8/2025 18:00, 83.97 , 0.29 , 91.86 ,0
7/8/2025 19:00, 76.74 , 0.33 , 99.36 ,0
7/8/2025 20:00, 81.85 , 0.37 , 98.52 ,0
7/8/2025 21:00, 82.09 , 0.49 , 91.84 ,0
7/8/2025 22:00, 82.54 , 0.42 , 89.89 ,0
7/8/2025 23:00, 83.25 , 0.35 , 101.57 ,0
7/9/2025 0:00, 90.82 , 0.34 , 100.38 ,0
7/9/2025 1:00, 83.25 , 0.36 , 107.43 ,0
7/9/2025 2:00, 68.54 , 0.42 , 98.88 ,0
7/9/2025 3:00, 72.80 , 0.37 , 112.31 ,0
7/9/2025 4:00, 86.19 , 0.51 , 96.35 ,0
7/9/2025 5:00, 73.01 , 0.31 , 89.49 ,0
7/9/2025 6:00, 81.54 , 0.35 , 100.26 ,0
7/9/2025 7:00, 86.92 , 0.49 , 98.75 ,0
7/9/2025 8:00, 88.21 , 0.61 , 99.51 ,1
7/9/2025 9:00, 88.19 , 0.38 , 87.24 ,0
7/9/2025 10:00, 71.85 , 0.31 , 104.87 ,0
7/9/2025 11:00, 82.40 , 0.29 , 105.59 ,0
7/9/2025 12:00, 86.19 , 0.37 , 112.47 ,0
7/9/2025 13:00, 79.66 , 0.25 , 99.56 ,0
7/9/2025 14:00, 88.10 , 0.37 , 103.16 ,0
7/9/2025 15:00, 80.75 , 0.47 , 105.66 ,0
7/9/2025 16:00, 87.83 , 0.48 , 98.89 ,0
7/9/2025 17:00, 79.93 , 0.29 , 100.26 ,0
7/9/2025 18:00, 79.59 , 0.22 , 107.80 ,0
7/9/2025 19:00, 75.36 , 0.44 , 88.75 ,0
7/9/2025 20:00, 81.62 , 0.43 , 92.42 ,0
7/9/2025 21:00, 83.05 , 0.25 , 110.89 ,0
7/9/2025 22:00, 79.45 , 0.29 , 103.60 ,0
7/9/2025 23:00, 76.49 , 0.43 , 100.98 ,0
7/10/2025 0:00, 87.71 , 0.27 , 97.28 ,0
7/10/2025 1:00, 80.93 , 0.35 , 100.54 ,0
7/10/2025 2:00, 75.71 , 0.41 , 103.78 ,0
7/10/2025 3:00, 86.82 , 0.23 , 105.28 ,0
7/10/2025 4:00, 82.62 , 0.32 , 93.73 ,0
7/10/2025 5:00, 81.66 , 0.24 , 108.00 ,0
7/10/2025 6:00, 74.59 , 0.17 , 105.88 ,0
7/10/2025 7:00, 77.46 , 0.37 , 92.65 ,0
7/10/2025 8:00, 85.93 , 0.34 , 101.98 ,0
7/10/2025 9:00, 86.09 , 0.43 , 86.83 ,0
7/10/2025 10:00, 85.47 , 0.30 , 104.30 ,0
7/10/2025 11:00, 83.87 , 0.36 , 103.85 ,0
7/10/2025 12:00, 84.55 , 0.31 , 87.50 ,0
7/10/2025 13:00, 85.90 , 0.36 , 108.82 ,0
7/10/2025 14:00, 87.91 , 0.23 , 86.06 ,0
7/10/2025 15:00, 78.82 , 0.48 , 101.57 ,0
7/10/2025 16:00, 87.57 , 0.22 , 93.29 ,0
7/10/2025 17:00, 85.82 , 0.52 , 88.18 ,0
7/10/2025 18:00, 77.71 , 0.52 , 110.91 ,0
7/10/2025 19:00, 80.96 , 0.25 , 92.42 ,0
7/10/2025 20:00, 80.41 , 0.26 , 107.79 ,0
7/10/2025 21:00, 86.25 , 0.30 , 93.07 ,0
7/10/2025 22:00, 78.80 , 0.38 , 96.12 ,0
7/10/2025 23:00, 86.80 , 0.40 , 97.97 ,0
7/11/2025 0:00, 84.57 , 0.31 , 97.58 ,0
7/11/2025 1:00, 88.51 , 0.43 , 89.55 ,0
7/11/2025 2:00, 77.69 , 0.41 , 89.62 ,0
7/11/2025 3:00, 79.78 , 0.31 , 109.18 ,0
7/11/2025 4:00, 89.14 , 0.46 , 108.67 ,0
7/11/2025 5:00, 76.15 , 0.27 , 100.42 ,0
7/11/2025 6:00, 81.05 , 0.41 , 86.84 ,0
7/11/2025 7:00, 79.10 , 0.31 , 102.84 ,0
7/11/2025 8:00, 75.49 , 0.34 , 92.96 ,0
7/11/2025 9:00, 81.43 , 0.24 , 106.58 ,0
7/11/2025 10:00, 77.43 , 0.36 , 101.59 ,0
7/11/2025 11:00, 79.82 , 0.38 , 94.94 ,0
7/11/2025 12:00, 74.59 , 0.28 , 109.67 ,0
7/11/2025 13:00, 83.03 , 0.31 , 94.09 ,0
7/11/2025 14:00, 87.02 , 0.47 , 87.05 ,0
7/11/2025 15:00, 74.63 , 0.32 , 96.87 ,0
7/11/2025 16:00, 80.13 , 0.47 , 104.56 ,0
7/11/2025 17:00, 78.98 , 0.40 , 106.77 ,0
7/11/2025 18:00, 75.22 , 0.35 , 100.66 ,0
7/11/2025 19:00, 75.29 , 0.47 , 95.19 ,0
7/11/2025 20:00, 72.56 , 0.41 , 102.08 ,0
7/11/2025 21:00, 70.47 , 0.49 , 114.95 ,0
7/11/2025 22:00, 80.39 , 0.44 , 103.67 ,0
7/11/2025 23:00, 79.01 , 0.34 , 105.80 ,0
7/12/2025 0:00, 79.41 , 0.34 , 95.15 ,0
7/12/2025 1:00, 90.85 , 0.50 , 88.29 ,0
7/12/2025 2:00, 75.07 , 0.23 , 96.20 ,0
7/12/2025 3:00, 86.80 , 0.47 , 99.38 ,0
7/12/2025 4:00, 83.39 , 0.35 , 102.84 ,0
7/12/2025 5:00, 80.83 , 0.48 , 108.23 ,0
7/12/2025 6:00, 89.55 , 0.34 , 83.41 ,0
7/12/2025 7:00, 74.70 , 0.28 , 87.15 ,0
7/12/2025 8:00, 83.86 , 0.39 , 93.37 ,0
7/12/2025 9:00, 77.18 , 0.23 , 101.55 ,0
7/12/2025 10:00, 82.90 , 0.39 , 83.98 ,0
7/12/2025 11:00, 75.70 , 0.18 , 95.56 ,0
7/12/2025 12:00, 82.52 , 0.26 , 98.80 ,0
7/12/2025 13:00, 95.98 , 0.17 , 95.54 ,0
7/12/2025 14:00, 81.95 , 0.36 , 97.73 ,0
7/12/2025 15:00, 87.70 , 0.49 , 98.90 ,0
7/12/2025 16:00, 97.96 , 0.50 , 90.84 ,1
7/12/2025 17:00, 79.76 , 0.37 , 99.07 ,0
7/12/2025 18:00, 75.98 , 0.37 , 94.47 ,0
7/12/2025 19:00, 80.15 , 0.40 , 99.95 ,0
7/12/2025 20:00, 86.57 , 0.32 , 108.96 ,0
7/12/2025 21:00, 82.45 , 0.19 , 105.30 ,0
7/12/2025 22:00, 82.56 , 0.38 , 97.76 ,0
7/12/2025 23:00, 82.08 , 0.33 , 109.57 ,0
7/13/2025 0:00, 80.35 , 0.44 , 94.67 ,0
7/13/2025 1:00, 84.72 , 0.57 , 105.54 ,0
7/13/2025 2:00, 80.99 , 0.28 , 101.33 ,0
7/13/2025 3:00, 85.30 , 0.22 , 103.35 ,0
7/13/2025 4:00, 84.53 , 0.19 , 97.64 ,0
7/13/2025 5:00, 71.93 , 0.30 , 111.26 ,0
7/13/2025 6:00, 71.17 , 0.43 , 88.50 ,0
7/13/2025 7:00, 84.58 , 0.30 , 91.51 ,0
7/13/2025 8:00, 79.77 , 0.32 , 88.81 ,0
7/13/2025 9:00, 84.08 , 0.47 , 104.41 ,0
7/13/2025 10:00, 71.06 , 0.33 , 91.90 ,0
7/13/2025 11:00, 87.06 , 0.32 , 92.93 ,0
7/13/2025 12:00, 87.33 , 0.39 , 109.40 ,0
7/13/2025 13:00, 73.57 , 0.48 , 103.29 ,0
7/13/2025 14:00, 80.47 , 0.27 , 111.41 ,0
7/13/2025 15:00, 85.28 , 0.33 , 100.69 ,0
7/13/2025 16:00, 82.62 , 0.26 , 109.75 ,0
7/13/2025 17:00, 91.39 , 0.39 , 80.00 ,0
7/13/2025 18:00, 81.21 , 0.40 , 116.09 ,0
7/13/2025 19:00, 82.09 , 0.25 , 100.94 ,0
7/13/2025 20:00, 81.23 , 0.40 , 104.46 ,0
7/13/2025 21:00, 85.75 , 0.30 , 93.56 ,0
7/13/2025 22:00, 84.43 , 0.39 , 95.89 ,0
7/13/2025 23:00, 88.47 , 0.48 , 95.19 ,0
7/14/2025 0:00, 70.12 , 0.45 , 107.04 ,0
7/14/2025 1:00, 76.21 , 0.36 , 91.55 ,0
7/14/2025 2:00, 70.08 , 0.27 , 99.96 ,0
7/14/2025 3:00, 90.04 , 0.42 , 111.71 ,0
7/14/2025 4:00, 86.94 , 0.36 , 80.00 ,0
7/14/2025 5:00, 78.03 , 0.36 , 99.03 ,0
7/14/2025 6:00, 81.86 , 0.19 , 95.14 ,0
7/14/2025 7:00, 89.31 , 0.34 , 93.43 ,0
7/14/2025 8:00, 78.24 , 0.35 , 96.84 ,0
7/14/2025 9:00, 85.90 , 0.30 , 96.68 ,0
7/14/2025 10:00, 74.19 , 0.31 , 102.15 ,0
7/14/2025 11:00, 69.47 , 0.31 , 88.74 ,0
7/14/2025 12:00, 86.25 , 0.33 , 110.34 ,0
7/14/2025 13:00, 73.86 , 0.35 , 99.64 ,0
7/14/2025 14:00, 87.98 , 0.36 , 98.93 ,0
7/14/2025 15:00, 83.78 , 0.29 , 94.75 ,0
7/14/2025 16:00, 89.18 , 0.29 , 93.78 ,0
7/14/2025 17:00, 83.57 , 0.37 , 82.78 ,0
7/14/2025 18:00, 76.35 , 0.32 , 93.74 ,0
7/14/2025 19:00, 83.70 , 0.38 , 95.68 ,0
7/14/2025 20:00, 73.10 , 0.52 , 99.39 ,0
7/14/2025 21:00, 82.88 , 0.30 , 94.10 ,0
7/14/2025 22:00, 86.76 , 0.34 , 110.27 ,0
7/14/2025 23:00, 88.80 , 0.35 , 104.87 ,0
7/14/2025 23:01, 103.97 , 0.74 , 94.54 ,1
7/14/2025 23:02, 96.52 , 0.72 , 94.90 ,1
7/14/2025 23:03, 100.62 , 0.71 , 96.94 ,1
7/14/2025 23:04, 91.36 , 0.65 , 85.14 ,1
7/14/2025 23:05, 93.60 , 0.53 , 94.20 ,1
7/14/2025 23:06, 91.80 , 0.66 , 93.22 ,1
7/14/2025 23:07, 100.84 , 0.69 , 94.99 ,1
7/14/2025 23:08, 95.04 , 0.69 , 97.29 ,1
7/14/2025 23:09, 105.19 , 0.63 , 90.34 ,1
7/14/2025 23:10, 96.27 , 0.65 , 99.26 ,1
7/14/2025 23:11, 95.86 , 0.77 , 107.63 ,1
7/14/2025 23:12, 104.43 , 0.68 , 100.75 ,1
7/14/2025 23:13, 88.97 , 0.54 , 95.85 ,1
7/14/2025 23:14, 94.75 , 0.57 , 97.78 ,1
7/14/2025 23:15, 100.15 , 0.75 , 97.20 ,1
7/14/2025 23:16, 91.76 , 0.59 , 99.51 ,1
7/14/2025 23:17, 101.50 , 0.67 , 93.72 ,1
7/14/2025 23:18, 97.15 , 0.62 , 92.76 ,1
7/14/2025 23:19, 92.21 , 0.64 , 93.98 ,1
7/14/2025 23:20, 94.25 , 0.50 , 92.63 ,1
7/14/2025 23:21, 92.47 , 0.56 , 99.42 ,1
7/14/2025 23:22, 103.68 , 0.62 , 89.14 ,1
7/14/2025 23:23, 96.82 , 0.47 , 101.91 ,1
7/14/2025 23:24, 93.88 , 0.69 , 100.28 ,1
7/14/2025 23:25, 98.71 , 0.75 , 91.67 ,1
7/14/2025 23:26, 96.25 , 0.57 , 96.92 ,1
7/14/2025 23:27, 103.07 , 0.62 , 104.55 ,1
7/14/2025 23:28, 90.27 , 0.65 , 99.85 ,1
7/14/2025 23:29, 98.70 , 0.43 , 103.48 ,1
7/14/2025 23:30, 87.46 , 0.50 , 102.79 ,1
7/14/2025 23:31, 96.98 , 0.75 , 92.75 ,1
7/14/2025 23:32, 94.17 , 0.48 , 94.64 ,1
7/14/2025 23:33, 107.93 , 0.59 , 97.07 ,1
7/14/2025 23:34, 94.20 , 0.70 , 91.11 ,1
7/14/2025 23:35, 100.03 , 0.71 , 100.33 ,1
7/14/2025 23:36, 96.09 , 0.58 , 98.98 ,1
7/14/2025 23:37, 97.11 , 0.63 , 94.40 ,1
7/14/2025 23:38, 93.92 , 0.47 , 94.46 ,1
7/14/2025 23:39, 97.10 , 0.45 , 102.12 ,1
7/14/2025 23:40, 95.54 , 0.50 , 98.48 ,1
7/14/2025 23:41, 93.17 , 0.63 , 96.71 ,1
7/14/2025 23:42, 96.67 , 0.63 , 97.20 ,1
7/14/2025 23:43, 92.74 , 0.61 , 92.82 ,1
7/14/2025 23:44, 101.85 , 0.52 , 98.19 ,1
7/14/2025 23:45, 104.34 , 0.74 , 95.55 ,1
7/14/2025 23:46, 89.30 , 0.55 , 89.58 ,1
7/14/2025 23:47, 92.17 , 0.72 , 90.75 ,1
7/14/2025 23:48, 90.51 , 0.56 , 98.66 ,1
7/14/2025 23:49, 92.82 , 0.56 , 84.85 ,1
7/14/2025 23:50, 102.08 , 0.59 , 95.80 ,1
7/14/2025 23:51, 96.45 , 0.69 , 103.92 ,1
7/14/2025 23:52, 96.68 , 0.82 , 106.89 ,1
7/14/2025 23:53, 93.55 , 0.62 , 97.49 ,1
7/14/2025 23:54, 100.16 , 0.43 , 98.36 ,1
7/14/2025 23:55, 90.49 , 0.73 , 98.25 ,1
7/14/2025 23:56, 94.33 , 0.53 , 99.35 ,1
7/14/2025 23:57, 90.42 , 0.62 , 102.82 ,1
7/14/2025 23:58, 89.72 , 0.53 , 100.77 ,1
7/14/2025 23:59, 93.17 , 0.76 , 100.20 ,1
7/15/2025 0:00, 98.59 , 0.80 , 96.70 ,1
7/15/2025 0:01, 90.09 , 0.54 , 97.50 ,1
7/15/2025 0:02, 100.77 , 0.51 , 89.81 ,1
7/15/2025 0:03, 89.46 , 0.62 , 97.65 ,1
7/15/2025 0:04, 90.62 , 0.65 , 97.54 ,1
7/15/2025 0:05, 93.21 , 0.65 , 107.00 ,1
7/15/2025 0:06, 91.53 , 0.72 , 92.33 ,1
7/15/2025 0:07, 95.43 , 0.71 , 104.47 ,1
7/15/2025 0:08, 99.50 , 0.67 , 97.10 ,1
7/15/2025 0:09, 93.49 , 0.65 , 102.06 ,1
7/15/2025 0:10, 94.22 , 0.74 , 98.97 ,1
7/15/2025 0:11, 108.35 , 0.63 , 105.70 ,1
7/15/2025 0:12, 101.16 , 0.58 , 99.44 ,1
7/15/2025 0:13, 92.39 , 0.78 , 96.06 ,1
7/15/2025 0:14, 99.33 , 0.67 , 99.29 ,1
7/15/2025 0:15, 95.86 , 0.56 , 104.01 ,1
7/15/2025 0:16, 102.40 , 0.68 , 92.22 ,1
7/15/2025 0:17, 97.39 , 0.57 , 97.97 ,1
7/15/2025 0:18, 100.48 , 0.48 , 96.95 ,1
7/15/2025 0:19, 97.04 , 0.45 , 103.00 ,1
7/15/2025 0:20, 91.05 , 0.64 , 91.91 ,1
7/15/2025 0:21, 96.44 , 0.52 , 90.53 ,1
7/15/2025 0:22, 90.80 , 0.50 , 99.73 ,1
7/15/2025 0:23, 93.49 , 0.52 , 97.42 ,1
7/15/2025 0:24, 97.28 , 0.57 , 96.77 ,1
7/15/2025 0:25, 84.32 , 0.67 , 97.03 ,1
7/15/2025 0:26, 98.15 , 0.56 , 97.59 ,1
7/15/2025 0:27, 89.38 , 0.64 , 98.48 ,1
7/15/2025 0:28, 101.31 , 0.52 , 83.80 ,1
7/15/2025 0:29, 91.58 , 0.59 , 97.26 ,1
7/15/2025 0:30, 98.02 , 0.51 , 97.18 ,1
7/15/2025 0:31, 91.34 , 0.52 , 93.13 ,1
7/15/2025 0:32, 86.40 , 0.63 , 94.82 ,1
7/15/2025 0:33, 93.96 , 0.54 , 89.53 ,1
7/15/2025 0:34, 95.48 , 0.57 , 92.35 ,1
7/15/2025 0:35, 103.53 , 0.77 , 101.91 ,1
7/15/2025 0:36, 99.90 , 0.88 , 85.36 ,1
7/15/2025 0:37, 99.10 , 0.73 , 99.72 ,1
7/15/2025 0:38, 86.96 , 0.57 , 99.65 ,1
7/15/2025 0:39, 96.03 , 0.77 , 94.27 ,1
7/15/2025 0:40, 89.78 , 0.46 , 95.85 ,1
7/15/2025 0:41, 91.86 , 0.49 , 99.47 ,1
7/15/2025 0:42, 94.37 , 0.55 , 97.43 ,1
7/15/2025 0:43, 92.82 , 0.43 , 97.52 ,1
7/15/2025 0:44, 95.48 , 0.74 , 87.95 ,1
7/15/2025 0:45, 95.41 , 0.64 , 95.44 ,1
7/15/2025 0:46, 95.34 , 0.55 , 92.90 ,1
7/15/2025 0:47, 95.23 , 0.55 , 97.93 ,1
7/15/2025 0:48, 99.47 , 0.61 , 99.54 ,1
7/15/2025 0:49, 101.79 , 0.47 , 98.02 ,1
7/15/2025 0:50, 93.10 , 0.74 , 100.37 ,1
7/15/2025 0:51, 102.89 , 0.63 , 93.81 ,1
7/15/2025 0:52, 101.68 , 0.70 , 101.60 ,1
7/15/2025 0:53, 90.95 , 0.75 , 92.91 ,1
7/15/2025 0:54, 98.47 , 0.63 , 90.68 ,1
7/15/2025 0:55, 94.19 , 0.73 , 97.36 ,1
7/15/2025 0:56, 96.44 , 0.58 , 94.67 ,1
7/15/2025 0:57, 100.80 , 0.63 , 104.58 ,1
7/15/2025 0:58, 91.89 , 0.71 , 99.70 ,1
7/15/2025 0:59, 98.46 , 0.64 , 97.54 ,1
7/15/2025 1:00, 93.03 , 0.56 , 93.22 ,1
7/15/2025 1:01, 93.61 , 0.66 , 104.11 ,1
7/15/2025 1:02, 103.76 , 0.63 , 93.58 ,1
7/15/2025 1:03, 100.66 , 0.56 , 88.03 ,1
7/15/2025 1:04, 97.44 , 0.71 , 105.24 ,1
7/15/2025 1:05, 89.31 , 0.66 , 93.23 ,1
7/15/2025 1:06, 104.90 , 0.75 , 91.51 ,1
7/15/2025 1:07, 92.58 , 0.61 , 95.49 ,1
7/15/2025 1:08, 83.55 , 0.57 , 98.59 ,1
7/15/2025 1:09, 90.14 , 0.72 , 91.50 ,1
7/15/2025 1:10, 88.94 , 0.63 , 84.79 ,1
7/15/2025 1:11, 91.73 , 0.56 , 91.26 ,1
7/15/2025 1:12, 87.41 , 0.70 , 100.60 ,1
7/15/2025 1:13, 97.85 , 0.85 , 102.82 ,1
7/15/2025 1:14, 90.99 , 0.55 , 95.18 ,1
7/15/2025 1:15, 103.94 , 0.72 , 98.28 ,1
7/15/2025 1:16, 106.44 , 0.62 , 95.56 ,1
7/15/2025 1:17, 93.08 , 0.71 , 93.28 ,1
7/15/2025 1:18, 90.83 , 0.77 , 97.86 ,1
7/15/2025 1:19, 98.25 , 0.61 , 104.68 ,1
7/15/2025 1:20, 89.63 , 0.61 , 97.85 ,1
7/15/2025 1:21, 83.69 , 0.63 , 101.78 ,1
7/15/2025 1:22, 90.40 , 0.50 , 92.57 ,1
7/15/2025 1:23, 95.86 , 0.70 , 98.55 ,1
7/15/2025 1:24, 90.65 , 0.76 , 99.08 ,1
7/15/2025 1:25, 96.03 , 0.67 , 95.22 ,1
7/15/2025 1:26, 95.71 , 0.54 , 104.09 ,1
7/15/2025 1:27, 86.40 , 0.63 , 94.90 ,1
7/15/2025 1:28, 94.84 , 0.69 , 93.21 ,1
7/15/2025 1:29, 90.29 , 0.63 , 96.21 ,1
7/15/2025 1:30, 104.62 , 0.68 , 96.94 ,1
7/15/2025 1:31, 93.80 , 0.67 , 90.24 ,1
7/15/2025 1:32, 95.24 , 0.71 , 94.73 ,1
7/15/2025 1:33, 95.28 , 0.59 , 105.78 ,1
7/15/2025 1:34, 98.18 , 0.76 , 88.54 ,1
7/15/2025 1:35, 86.09 , 0.50 , 100.13 ,1
7/15/2025 1:36, 93.54 , 0.72 , 97.92 ,1
7/15/2025 1:37, 92.59 , 0.73 , 97.24 ,1
7/15/2025 1:38, 95.12 , 0.69 , 94.16 ,1
7/15/2025 1:39, 98.53 , 0.62 , 104.16 ,1
7/15/2025 1:40, 97.78 , 0.77 , 92.84 ,1
7/15/2025 1:41, 97.59 , 0.57 , 97.58 ,1
7/15/2025 1:42, 94.80 , 0.57 , 96.11 ,1
7/15/2025 1:43, 105.89 , 0.59 , 90.28 ,1
7/15/2025 1:44, 96.88 , 0.57 , 96.03 ,1
7/15/2025 1:45, 102.87 , 0.62 , 94.65 ,1
7/15/2025 1:46, 93.61 , 0.64 , 93.50 ,1
7/15/2025 1:47, 94.51 , 0.68 , 91.93 ,1
7/15/2025 1:48, 91.44 , 0.59 , 92.61 ,1
7/15/2025 1:49, 87.29 , 0.51 , 91.30 ,1
7/15/2025 1:50, 94.79 , 0.58 , 94.38 ,1
7/15/2025 1:51, 91.50 , 0.56 , 89.41 ,1
7/15/2025 1:52, 91.56 , 0.57 , 91.56 ,1
7/15/2025 1:53, 89.98 , 0.61 , 100.81 ,1
7/15/2025 1:54, 101.25 , 0.64 , 100.81 ,1
7/15/2025 1:55, 86.48 , 0.50 , 93.32 ,1
7/15/2025 1:56, 90.79 , 0.66 , 97.62 ,1
7/15/2025 1:57, 83.93 , 0.82 , 89.42 ,1
7/15/2025 1:58, 90.49 , 0.62 , 93.32 ,1
7/15/2025 1:59, 101.03 , 0.67 , 88.86 ,1
7/15/2025 2:00, 94.90 , 0.49 , 97.17 ,1
7/15/2025 2:01, 95.15 , 0.51 , 95.29 ,1
7/15/2025 2:02, 101.42 , 0.47 , 104.49 ,1
7/15/2025 2:03, 91.37 , 0.51 , 96.59 ,1
7/15/2025 2:04, 95.90 , 0.64 , 97.29 ,1
7/15/2025 2:05, 99.55 , 0.58 , 103.40 ,1
7/15/2025 2:06, 104.36 , 0.68 , 94.03 ,1
7/15/2025 2:07, 98.78 , 0.69 , 87.56 ,1
7/15/2025 2:08, 97.07 , 0.57 , 98.18 ,1
7/15/2025 2:09, 104.85 , 0.65 , 99.35 ,1
7/15/2025 2:10, 95.83 , 0.51 , 94.78 ,1
7/15/2025 2:11, 99.49 , 0.65 , 97.74 ,1
7/15/2025 2:12, 87.99 , 0.61 , 101.70 ,1
7/15/2025 2:13, 81.26 , 0.68 , 100.92 ,1
7/15/2025 2:14, 99.85 , 0.57 , 99.98 ,1
7/15/2025 2:15, 93.62 , 0.74 , 95.93 ,1
7/15/2025 2:16, 92.35 , 0.71 , 84.00 ,1
7/15/2025 2:17, 92.44 , 0.75 , 100.91 ,1
7/15/2025 2:18, 91.50 , 0.75 , 99.39 ,1
7/15/2025 2:19, 91.49 , 0.61 , 99.91 ,1
7/15/2025 2:20, 95.76 , 0.59 , 104.06 ,1
7/15/2025 2:21, 88.61 , 0.70 , 94.15 ,1
7/15/2025 2:22, 91.19 , 0.62 , 89.48 ,1
7/15/2025 2:23, 94.08 , 0.59 , 98.75 ,1
7/15/2025 2:24, 97.25 , 0.50 , 106.03 ,1
7/15/2025 2:25, 95.79 , 0.63 , 102.12 ,1
7/15/2025 2:26, 95.53 , 0.63 , 93.62 ,1
7/15/2025 2:27, 87.38 , 0.67 , 95.62 ,1
7/15/2025 2:28, 94.66 , 0.55 , 98.82 ,1
7/15/2025 2:29, 97.77 , 0.71 , 99.85 ,1
7/15/2025 2:30, 95.92 , 0.68 , 106.89 ,1
7/15/2025 2:31, 96.04 , 0.46 , 94.12 ,1
7/15/2025 2:32, 96.42 , 0.57 , 99.72 ,1
7/15/2025 2:33, 100.44 , 0.61 , 95.57 ,1
7/15/2025 2:34, 99.11 , 0.82 , 104.17 ,1
7/15/2025 2:35, 95.78 , 0.71 , 98.65 ,1
7/15/2025 2:36, 94.41 , 0.63 , 92.40 ,1
7/15/2025 2:37, 94.39 , 0.61 , 101.60 ,1
7/15/2025 2:38, 104.12 , 0.83 , 88.79 ,1
7/15/2025 2:39, 106.12 , 0.69 , 95.49 ,1
7/15/2025 2:40, 93.62 , 0.44 , 101.65 ,1
7/15/2025 2:41, 95.31 , 0.66 , 97.51 ,1
7/15/2025 2:42, 93.88 , 0.45 , 99.35 ,1
7/15/2025 2:43, 95.77 , 0.60 , 94.54 ,1
7/15/2025 2:44, 92.35 , 0.59 , 104.52 ,1
7/15/2025 2:45, 91.51 , 0.62 , 88.89 ,1
7/15/2025 2:46, 91.17 , 0.60 , 91.01 ,1
7/15/2025 2:47, 96.96 , 0.71 , 95.09 ,1
7/15/2025 2:48, 92.34 , 0.65 , 101.31 ,1
7/15/2025 2:49, 99.01 , 0.64 , 102.09 ,1
7/15/2025 2:50, 100.13 , 0.56 , 94.00 ,1
7/15/2025 2:51, 91.48 , 0.69 , 88.21 ,1
7/15/2025 2:52, 90.94 , 0.63 , 107.68 ,1
7/15/2025 2:53, 95.64 , 0.84 , 100.97 ,1
7/15/2025 2:54, 92.29 , 0.67 , 98.97 ,1
7/15/2025 2:55, 94.92 , 0.66 , 96.21 ,1
7/15/2025 2:56, 100.51 , 0.63 , 104.35 ,1
7/15/2025 2:57, 91.98 , 0.53 , 96.81 ,1
7/15/2025 2:58, 83.86 , 0.50 , 92.90 ,1
7/15/2025 2:59, 98.05 , 0.54 , 96.65 ,1
7/15/2025 3:00, 94.49 , 0.63 , 102.19 ,1
7/15/2025 3:01, 95.77 , 0.67 , 98.67 ,1
7/15/2025 3:02, 96.29 , 0.74 , 95.96 ,1
7/15/2025 3:03, 99.20 , 0.62 , 95.18 ,1
7/15/2025 3:04, 97.53 , 0.67 , 98.46 ,1
7/15/2025 3:05, 90.37 , 0.59 , 98.30 ,1
7/15/2025 3:06, 94.48 , 0.71 , 103.69 ,1
7/15/2025 3:07, 101.95 , 0.56 , 93.94 ,1
7/15/2025 3:08, 88.77 , 0.50 , 100.50 ,1
7/15/2025 3:09, 94.63 , 0.70 , 104.45 ,1
7/15/2025 3:10, 93.04 , 0.68 , 98.77 ,1
7/15/2025 3:11, 92.42 , 0.71 , 95.61 ,1
7/15/2025 3:12, 90.41 , 0.64 , 91.14 ,1
7/15/2025 3:13, 96.34 , 0.58 , 96.24 ,1
7/15/2025 3:14, 97.98 , 0.57 , 95.15 ,1
7/15/2025 3:15, 100.95 , 0.65 , 88.25 ,1
7/15/2025 3:16, 96.37 , 0.60 , 92.06 ,1
7/15/2025 3:17, 98.38 , 0.42 , 100.04 ,1
7/15/2025 3:18, 97.52 , 0.52 , 97.51 ,1
7/15/2025 3:19, 92.42 , 0.75 , 93.92 ,1
7/15/2025 3:20, 93.49 , 0.63 , 103.24 ,1
7/15/2025 3:21, 92.19 , 0.57 , 87.66 ,1
7/15/2025 3:22, 93.16 , 0.65 , 96.03 ,1
7/15/2025 3:23, 103.72 , 0.61 , 96.17 ,1
7/15/2025 3:24, 99.78 , 0.59 , 94.14 ,1
7/15/2025 3:25, 94.28 , 0.59 , 90.78 ,1
7/15/2025 3:26, 106.01 , 0.52 , 94.46 ,1
7/15/2025 3:27, 89.40 , 0.63 , 98.65 ,1
7/15/2025 3:28, 106.18 , 0.67 , 94.74 ,1
7/15/2025 3:29, 88.66 , 0.59 , 98.45 ,1
7/15/2025 3:30, 92.86 , 0.55 , 91.32 ,1
7/15/2025 3:31, 102.54 , 0.67 , 101.88 ,1
7/15/2025 3:32, 90.32 , 0.44 , 94.82 ,1
7/15/2025 3:33, 104.69 , 0.62 , 99.46 ,1
7/15/2025 3:34, 89.16 , 0.71 , 99.17 ,1
7/15/2025 3:35, 105.58 , 0.43 , 95.56 ,1
7/15/2025 3:36, 98.35 , 0.71 , 100.30 ,1
7/15/2025 3:37, 96.29 , 0.62 , 90.98 ,1
7/15/2025 3:38, 95.33 , 0.51 , 92.99 ,1
7/15/2025 3:39, 99.74 , 0.68 , 98.19 ,1
7/15/2025 3:40, 90.76 , 0.60 , 92.75 ,1
7/15/2025 3:41, 100.18 , 0.63 , 100.43 ,1
7/15/2025 3:42, 88.57 , 0.55 , 98.98 ,1
7/15/2025 3:43, 94.09 , 0.60 , 90.45 ,1
7/15/2025 3:44, 95.33 , 0.73 , 90.14 ,1
7/15/2025 3:45, 91.29 , 0.52 , 93.35 ,1
7/15/2025 3:46, 99.46 , 0.57 , 100.86 ,1
7/15/2025 3:47, 96.71 , 0.54 , 90.93 ,1
7/15/2025 3:48, 90.67 , 0.57 , 98.52 ,1
7/15/2025 3:49, 91.22 , 0.55 , 100.56 ,1
7/15/2025 3:50, 97.08 , 0.63 , 100.87 ,1
7/15/2025 3:51, 89.68 , 0.72 , 98.71 ,1
7/15/2025 3:52, 91.62 , 0.46 , 95.71 ,1
7/15/2025 3:53, 100.51 , 0.58 , 109.44 ,1
7/15/2025 3:54, 93.18 , 0.62 , 98.61 ,1
7/15/2025 3:55, 99.17 , 0.54 , 101.16 ,1
7/15/2025 3:56, 100.46 , 0.54 , 95.66 ,1
7/15/2025 3:57, 97.84 , 0.66 , 98.82 ,1
7/15/2025 3:58, 86.45 , 0.63 , 97.58 ,1
7/15/2025 3:59, 98.12 , 0.69 , 89.47 ,1
7/15/2025 4:00, 95.83 , 0.53 , 98.82 ,1
7/15/2025 4:01, 105.44 , 0.59 , 97.24 ,1
7/15/2025 4:02, 91.60 , 0.63 , 99.93 ,1
7/15/2025 4:03, 98.56 , 0.72 , 88.03 ,1
7/15/2025 4:04, 98.49 , 0.64 , 98.56 ,1
7/15/2025 4:05, 94.38 , 0.74 , 98.92 ,1
7/15/2025 4:06, 96.01 , 0.60 , 89.11 ,1
7/15/2025 4:07, 94.96 , 0.56 , 96.20 ,1
7/15/2025 4:08, 87.18 , 0.59 , 95.85 ,1
7/15/2025 4:09, 97.67 , 0.57 , 101.81 ,1
7/15/2025 4:10, 86.39 , 0.59 , 98.81 ,1
7/15/2025 4:11, 93.71 , 0.73 , 96.62 ,1
7/15/2025 4:12, 91.20 , 0.54 , 92.95 ,1
7/15/2025 4:13, 106.97 , 0.65 , 95.92 ,1
7/15/2025 4:14, 102.39 , 0.68 , 96.02 ,1
7/15/2025 4:15, 89.65 , 0.64 , 91.63 ,1
7/15/2025 4:16, 97.74 , 0.54 , 99.77 ,1
7/15/2025 4:17, 102.37 , 0.70 , 100.95 ,1
7/15/2025 4:18, 103.34 , 0.62 , 100.01 ,1
7/15/2025 4:19, 96.52 , 0.61 , 95.17 ,1
7/15/2025 4:20, 97.78 , 0.54 , 95.05 ,1
7/15/2025 4:21, 94.73 , 0.55 , 101.67 ,1
7/15/2025 4:22, 96.68 , 0.68 , 96.27 ,1
7/15/2025 4:23, 91.34 , 0.61 , 88.46 ,1
7/15/2025 4:24, 95.06 , 0.67 , 98.60 ,1
7/15/2025 4:25, 88.85 , 0.71 , 92.44 ,1
7/15/2025 4:26, 92.83 , 0.66 , 92.29 ,1
7/15/2025 4:27, 90.90 , 0.55 , 93.54 ,1
7/15/2025 4:28, 93.29 , 0.50 , 99.58 ,1
